{
    "feature_names": [
        "Carbon intensity gCO\u2082eq/kWh (direct)",
        "diff_1",
        "diff_24",
        "hour_sin",
        "hour_cos",
        "year_sin",
        "year_cos"
    ],
    "mean": [
        119.07881588970139,
        -0.0013033211456429004,
        -0.04431177635588052,
        -2.2190929437967785e-17,
        -5.669511850310062e-17,
        -2.014605072568936e-05,
        -0.001599492784458888
    ],
    "scale": [
        63.89663047044869,
        15.174951485335308,
        48.92816763317859,
        0.7071067811865476,
        0.7071067811865476,
        0.7076719110073829,
        0.7065393885609831
    ]
}