{
    "sarima": {
        "mae": 72.91454788425656,
        "rmse": 79.31948552799959,
        "r2": -3.46356774911483,
        "mape": NaN,
        "summer_mae": 82.94431941336266,
        "winter_mae": 60.26462871295615
    }
}