{
    "model_type": "SEASONAL",
    "parameters": "((1, 0, 2), (1, 0, 0, 24))",
    "test_mae": 72.91455078125,
    "test_rmse": 79.31948723162235,
    "test_r2": -3.4635677337646484,
    "test_mape": 112.32422637939453
}