{
    "model_type": "SEASONAL",
    "parameters": "((1, 0, 2), (1, 0, 0, 24))",
    "test_mae": 40.797033042554915,
    "test_rmse": 47.103923776664146,
    "test_r2": -0.5741152440412893,
    "test_mape": 80.78756848965904
}