{
    "target_mean": [
        119.07977973400403
    ],
    "target_scale": [
        63.90332609783213
    ],
    "feature_names": [
        "Carbon intensity gCO\u2082eq/kWh (direct)",
        "diff_1",
        "diff_24",
        "hour_sin",
        "hour_cos",
        "year_sin",
        "year_cos",
        "wind_speed",
        "temperature",
        "solar_radiation",
        "price_eur_mwh",
        "wind_power_mw",
        "solar_power_mw",
        "renewable_share",
        "dow_sin",
        "dow_cos"
    ],
    "feature_means": [
        119.07977973400403,
        -0.001195838573225096,
        -0.03349072062802491,
        -4.6951366471144106e-05,
        -8.132215221283585e-05,
        6.570793749425048e-05,
        -0.0014895585671348094,
        4.495928127739034,
        9.47723028847986,
        125.0383922106627,
        131.40048969170383,
        2037.2098586183242,
        248.92075530490396,
        0.5879224874955746,
        -0.0016247229269765488,
        0.00043614210189061036
    ],
    "feature_scales": [
        63.90332609783213,
        15.17496177117004,
        48.907571235377404,
        0.7071269893190464,
        0.7070865662412615,
        0.7076889582513853,
        0.7065225511381863,
        2.211376206567103,
        6.481892564538702,
        198.04034871296233,
        114.44153738427691,
        1473.8359557302883,
        424.19059248277256,
        0.2263381239474665,
        0.7074139164003066,
        0.7067975105634268
    ]
}