{
    "mean": [
        119.07881588970139
    ],
    "scale": [
        63.89663047044869
    ]
}