{
    "target_mean": [
        119.07881588970139
    ],
    "target_scale": [
        63.89663047044869
    ],
    "feature_mean": [
        -0.0013033211456429004,
        -0.04431177635588052,
        -1.671085235115257e-17,
        -5.669511850310062e-17,
        -1.5734329210091546e-05,
        -0.0009139413521107467,
        2037.107860569176,
        248.94892214910504,
        4.843647778298814,
        128.95928892443632
    ],
    "feature_scale": [
        15.174951485335308,
        48.92816763317859,
        0.7071067811865476,
        0.7071067811865476,
        0.7074296907135318,
        0.7067831330476079,
        1473.7270723216798,
        424.18036280898855,
        2.2457464345489524,
        114.2471620873345
    ],
    "feature_names": [
        "diff_1",
        "diff_24",
        "hour_sin",
        "hour_cos",
        "year_sin",
        "year_cos",
        "Total_Wind",
        "SolarPower",
        "mean_wind_speed",
        "DayAhead_Price"
    ]
}