{
    "target_mean": [
        119.07881588970139
    ],
    "target_scale": [
        63.89663047044869
    ],
    "feature_names": [
        "Carbon intensity gCO\u2082eq/kWh (direct)",
        "diff_1",
        "diff_24",
        "hour_sin",
        "hour_cos",
        "year_sin",
        "year_cos",
        "dow_sin",
        "dow_cos",
        "wind_speed",
        "temperature",
        "price_eur_mwh"
    ],
    "feature_means": [
        119.07881588970139,
        -0.0013033211456429004,
        -0.04431177635588052,
        -2.2190929437967785e-17,
        -5.669511850310062e-17,
        -2.014605072568936e-05,
        -0.001599492784458888,
        -0.0016058129749998867,
        0.00036651633263473556,
        4.4956657525898835,
        9.478408744667885,
        131.4085378580134
    ],
    "feature_scales": [
        63.89663047044869,
        15.174951485335308,
        48.92816763317859,
        0.7071067811865476,
        0.7071067811865476,
        0.7076719110073829,
        0.7065393885609831,
        0.707467949335013,
        0.7067435091277308,
        2.2109888408989553,
        6.48148095171492,
        114.43704979735664
    ]
}