{
    "target_mean": [
        119.10597070015221
    ],
    "target_scale": [
        63.878611437114415
    ],
    "feature_mean": [
        -1.676318478581667e-17,
        -5.671093562621043e-17,
        -5.191179804640001e-17,
        0.0
    ],
    "feature_scale": [
        0.7071067811865476,
        0.7071067811865476,
        0.7071067811865476,
        0.7071067811865475
    ],
    "feature_names": [
        "hour_sin",
        "hour_cos",
        "year_sin",
        "year_cos"
    ]
}