{
    "target_mean": [
        119.07881588970139
    ],
    "target_scale": [
        63.89663047044869
    ],
    "feature_mean": [
        175.05038429311398,
        82.84217245581962,
        75.86210656611821,
        11.5,
        183.16636197440585,
        -1.671085235115257e-17,
        -5.669511850310062e-17,
        -1.5734329210091546e-05,
        -0.0009139413521107467,
        3.004570383912249,
        -0.0016058129749998867,
        0.00036651633263473556,
        -0.0013033211456429004,
        -0.04431177635588052
    ],
    "feature_scale": [
        77.51596029412771,
        8.934056400518111,
        9.612004710338141,
        6.922186552431729,
        105.27033069573955,
        0.7071067811865476,
        0.7071067811865476,
        0.7074296907135318,
        0.7067831330476079,
        2.001137050654738,
        0.707467949335013,
        0.7067435091277308,
        15.174951485335308,
        48.92816763317859
    ],
    "feature_names": [
        "Carbon intensity gCO\u2082eq/kWh (Life cycle)",
        "Carbon-free energy percentage (CFE%)",
        "Renewable energy percentage (RE%)",
        "hour",
        "day_of_year",
        "hour_sin",
        "hour_cos",
        "year_sin",
        "year_cos",
        "day_of_week",
        "dow_sin",
        "dow_cos",
        "diff_1",
        "diff_24"
    ]
}