epoch,loss,mae,val_loss,val_mae
0,0.41193297505378723,0.46509647369384766,0.2612541913986206,0.3784920275211334
1,0.3172512352466583,0.41266652941703796,0.26217034459114075,0.372283935546875
2,0.25425389409065247,0.3732702434062958,0.2828282117843628,0.38005098700523376
3,0.20541632175445557,0.3357769846916199,0.2971484065055847,0.3900929093360901
4,0.15957891941070557,0.2946125864982605,0.33855193853378296,0.4186333119869232
5,0.1407453566789627,0.2757822275161743,0.33676713705062866,0.41768568754196167
6,0.1293688863515854,0.2636513411998749,0.34600645303726196,0.4276282489299774
7,0.11776819080114365,0.24946674704551697,0.352316677570343,0.4392819106578827
