epoch,loss,mae,val_loss,val_mae
0,54.08721484255609,5.314521223017715,33.89535614622847,4.1704444078595095
