epoch,loss,mae,val_loss,val_mae
0,0.4237396717071533,0.4756775498390198,0.2686424255371094,0.38487404584884644
1,0.32314783334732056,0.41852816939353943,0.2626864016056061,0.3750375509262085
2,0.27884191274642944,0.39139118790626526,0.3082916736602783,0.40891900658607483
3,0.23488664627075195,0.3618721663951874,0.32945704460144043,0.4124533236026764
4,0.2043980062007904,0.3380339443683624,0.345805287361145,0.41957032680511475
5,0.1760226935148239,0.3133416175842285,0.3773640990257263,0.44642484188079834
6,0.16328710317611694,0.30157673358917236,0.3647118806838989,0.4427395164966583
