epoch,loss,mae,val_loss,val_mae
0,0.46728605031967163,0.4978952407836914,0.2790500223636627,0.39690160751342773
1,0.39742928743362427,0.46157339215278625,0.2700839042663574,0.38856983184814453
2,0.37448152899742126,0.44999152421951294,0.2814990282058716,0.4076708257198334
3,0.3610505759716034,0.4421646296977997,0.27520105242729187,0.3878408968448639
4,0.34983354806900024,0.43631017208099365,0.2801331877708435,0.4006021022796631
5,0.3202921450138092,0.4208134710788727,0.29582157731056213,0.4067709147930145
6,0.30632972717285156,0.41276517510414124,0.30916285514831543,0.4098963439464569
