epoch,loss,mae,val_loss,val_mae
0,0.43195196986198425,0.4778490364551544,0.2639580965042114,0.37842896580696106
1,0.3274671137332916,0.42166468501091003,0.2819143831729889,0.398577481508255
2,0.27813687920570374,0.39304614067077637,0.2779797613620758,0.3877537250518799
3,0.23909033834934235,0.36564329266548157,0.29897284507751465,0.39688295125961304
4,0.20040421187877655,0.33529767394065857,0.3088974952697754,0.40093520283699036
5,0.18595050275325775,0.322761595249176,0.334364652633667,0.41512176394462585
