epoch,loss,mae,val_loss,val_mae
0,0.41136613488197327,0.46466103196144104,0.25219589471817017,0.3603583872318268
1,0.31429511308670044,0.4112933278083801,0.30004164576530457,0.40436726808547974
2,0.25957727432250977,0.376415491104126,0.3230774402618408,0.39929482340812683
3,0.20834508538246155,0.3380712568759918,0.31397801637649536,0.40545064210891724
4,0.16308125853538513,0.2985086143016815,0.3374728262424469,0.42531415820121765
5,0.14323192834854126,0.27842673659324646,0.36978965997695923,0.44948670268058777
6,0.13424170017242432,0.26887527108192444,0.3545633852481842,0.43597277998924255
7,0.11746278405189514,0.24989847838878632,0.3778270483016968,0.4535343050956726
