epoch,loss,mae,val_loss,val_mae
0,0.012935393652988805,0.08298167653060562,0.008288893897558014,0.06640909761188278
