epoch,loss,mae,val_loss,val_mae
0,0.40666642785072327,0.46181726455688477,0.2639254033565521,0.3803981840610504
1,0.3132849633693695,0.41142505407333374,0.2596875727176666,0.36795225739479065
2,0.25816988945007324,0.3759405314922333,0.2830420732498169,0.3742361068725586
3,0.20404914021492004,0.3355461359024048,0.2965603768825531,0.39544913172721863
4,0.16846752166748047,0.30298808217048645,0.3273136615753174,0.4088882505893707
5,0.13667631149291992,0.2711016535758972,0.3265073895454407,0.41385990381240845
6,0.12353839725255966,0.2566026449203491,0.33750882744789124,0.42199915647506714
7,0.11815594881772995,0.25104326009750366,0.3404555022716522,0.42127928137779236
8,0.1051260232925415,0.23563089966773987,0.35132357478141785,0.4289824068546295
